index,s,d_offset,x,y,yaw_deg
0,2.1,0.0,-0.174,-0.41,0.367
1,4.1,0.0,-0.1737999999999999,-0.40999872,0.367
2,6.1,0.0,-0.1736,-0.40999744,0.367
3,8.1,0.0,-0.17340001,-0.4099961599999999,0.367
4,10.1,0.0,-0.17320001,-0.4099948799999999,0.367
5,12.1,0.0,-0.17300002,-0.4099935899999999,0.367
6,14.0,0.0,-0.17281002,-0.40999238,0.367
7,16.1,0.0,-0.17260002,-0.40999103,0.367
8,18.1,0.0,-0.1724000299999999,-0.40998975,0.367
9,20.1,0.0,-0.17220003,-0.40998847,0.367
10,22.1,0.0,-0.17200004,-0.4099871899999999,0.367
11,24.1,0.0,-0.17180004,-0.4099859099999999,0.367
12,26.1,0.0,-0.17160004,-0.4099846299999999,0.367
13,28.1,0.0,-0.17140005,-0.4099833499999999,0.367
14,30.1,0.0,-0.17120005,-0.40998207,0.367
15,32.1,0.0,-0.17100006,-0.40998079,0.367
16,34.1,0.0,-0.17080006,-0.40997951,0.367
17,36.1,0.0,-0.17060006,-0.4099782199999999,0.367
18,38.0,0.0,-0.17041007,-0.40997701,0.367
19,40.1,0.0,-0.17020007,-0.4099756599999999,0.367
20,42.1,0.0,-0.17000008,-0.4099743799999999,0.367
21,44.1,0.0,-0.16980008,-0.4099731,0.367
22,46.0,0.0,-0.16961008,-0.4099718799999999,0.366
23,48.101,0.0,-0.1694,-0.40997054,-3.054
24,50.079,0.0,-0.16920271,-0.4099810699999999,-16.004
25,52.021,0.0,-0.1690165,-0.41003447,-30.967
26,54.093,0.0,-0.16883939,-0.4101407499999999,-45.93
27,56.035,0.0,-0.16870466,-0.4102799399999999,-60.629
28,58.069,0.0,-0.16860516,-0.41045673,-69.878
29,60.064,0.0,-0.1685365399999999,-0.41064403,-70.909
30,62.032,0.0,-0.16847218,-0.41082997,-77.321
31,64.017,0.0,-0.16842867,-0.4110233699999999,-86.754
32,66.005,0.0,-0.1684174199999999,-0.41122168,-96.122
33,68.057,0.0,-0.16843929,-0.41142552,-99.696
34,70.013,0.0,-0.16847222,-0.4116182899999999,-94.92
35,72.008,0.0,-0.16848932,-0.41181691,-88.379
36,74.047,0.0,-0.16848355,-0.41202066,-87.332
37,76.032,0.0,-0.16847431,-0.41221895,-91.089
38,78.054,0.0,-0.16847816,-0.41242111,-94.811
39,80.037,0.0,-0.1684947799999999,-0.4126185999999999,-95.774
40,82.033,0.0,-0.1685148699999999,-0.4128172699999999,-94.304
41,84.031,0.0,-0.16852985,-0.4130163899999999,-90.029
42,86.091,0.0,-0.16852996,-0.4132224,-85.57
43,88.058,0.0,-0.16851477,-0.41341846,-81.68
44,90.08,0.0,-0.16848552,-0.4136184699999999,-80.821
45,92.08,0.0,-0.16845362,-0.4138158999999999,-80.821
46,94.08,0.0,-0.16842171,-0.4140133399999999,-80.821
47,96.08,0.0,-0.16838981,-0.4142107799999999,-80.821
48,98.08,0.0,-0.1683579,-0.41440822,-80.933
49,100.0,0.0,-0.16832764,-0.4145978999999999,-83.8
50,102.056,0.0,-0.16830545,-0.41480215,-89.375
51,104.026,0.0,-0.1683033,-0.4149991099999999,-95.112
52,106.106,0.0,-0.1683218199999999,-0.41520618,-100.848
53,108.076,0.0,-0.1683588899999999,-0.4153996199999999,-105.46
54,110.06,0.0,-0.16841176,-0.4155907699999999,-109.176
55,112.096,0.0,-0.1684785899999999,-0.41578295,-120.494
56,114.086,0.0,-0.16857937,-0.4159540899999999,-133.268
57,116.077,0.0,-0.1687155,-0.4160987,-146.042
58,118.067,0.0,-0.16888023,-0.41620964,-158.662
59,120.032,0.0,-0.16906299,-0.4162810299999999,-166.862
60,122.029,0.0,-0.16925739,-0.41632641,-167.565
61,124.029,0.0,-0.1694526999999999,-0.4163694699999999,-167.565
62,126.029,0.0,-0.169648,-0.4164125399999999,-167.565
63,128.029,0.0,-0.16984331,-0.4164556,-167.572
64,130.032,0.0,-0.17003895,-0.41649872,-169.09
65,132.043,0.0,-0.17023638,-0.4165367699999999,-174.051
66,134.011,0.0,-0.17043201,-0.41655716,-179.693
67,136.088,0.0,-0.17063961,-0.4165582699999999,174.665
68,138.056,0.0,-0.17083545,-0.41653998,169.196
69,140.018,0.0,-0.1710281599999999,-0.4165032099999999,165.209
70,142.075,0.0,-0.17122698,-0.4164507099999999,166.26
71,144.051,0.0,-0.17141897,-0.4164037699999999,172.023
72,146.053,0.0,-0.17161711,-0.4163759999999999,178.512
73,148.055,0.0,-0.17181712,-0.4163708,-175.001
74,150.057,0.0,-0.17201644,-0.4163882399999999,-169.572
75,152.056,0.0,-0.17221303,-0.4164244199999999,-168.452
76,154.056,0.0,-0.17240897,-0.41646446,-168.452
77,156.056,0.0,-0.17260492,-0.4165044899999999,-168.452
78,158.056,0.0,-0.17280087,-0.4165445299999999,-168.452
79,160.056,0.0,-0.17299682,-0.41658457,-168.694
80,162.097,0.0,-0.17319698,-0.4166245899999999,-173.265
81,164.036,0.0,-0.17338939,-0.41664731,177.42
82,166.039,0.0,-0.1735891799999999,-0.4166383099999999,167.517
83,168.041,0.0,-0.17378445,-0.4165950799999999,157.615
84,170.044,0.0,-0.17396938,-0.4165189099999999,147.713
85,172.046,0.0,-0.17413845,-0.4164120799999999,138.169
86,174.096,0.0,-0.17429104,-0.4162754999999999,133.559
87,176.043,0.0,-0.17442521,-0.4161344099999999,131.775
88,178.034,0.0,-0.17455785,-0.4159859299999999,128.059
89,180.056,0.0,-0.17468249,-0.41582674,124.055
90,182.079,0.0,-0.17479572,-0.41565922,120.051
91,184.101,0.0,-0.1748969699999999,-0.4154842099999999,116.152
92,186.017,0.0,-0.17498139,-0.41531227,112.554
93,188.007,0.0,-0.17505772,-0.4151284899999999,111.005
94,190.018,0.0,-0.1751298,-0.4149407799999999,110.702
95,192.039,0.0,-0.17520126,-0.4147516699999999,109.399
96,194.093,0.0,-0.1752694699999999,-0.41455798,107.605
97,196.047,0.0,-0.17532856,-0.41437175,105.843
98,198.001,0.0,-0.1753819,-0.4141838,104.035
99,200.057,0.0,-0.1754317799999999,-0.41398429,102.227
100,202.011,0.0,-0.17547315,-0.4137933399999999,100.502
101,204.057,0.0,-0.1755104499999999,-0.41359215,99.579
102,206.067,0.0,-0.1755439,-0.4133939399999999,99.5
103,208.067,0.0,-0.17557691,-0.41319669,99.5
104,210.067,0.0,-0.17560992,-0.4129994299999999,99.5
105,212.067,0.0,-0.17564293,-0.4128021699999999,99.473
106,214.073,0.0,-0.17567594,-0.4126043399999999,98.673
107,216.016,0.0,-0.1757052399999999,-0.4124122899999999,97.086
108,218.066,0.0,-0.17573053,-0.4122088,95.472
109,220.014,0.0,-0.17574911,-0.4120148999999999,93.951
110,222.052,0.0,-0.17576315,-0.4118115999999999,93.41
111,224.054,0.0,-0.17577505,-0.4116118299999999,92.954
112,226.089,0.0,-0.17578554,-0.41140857,91.509
113,228.034,0.0,-0.17579066,-0.4112141199999999,90.066
114,230.069,0.0,-0.1757909,-0.4110106099999999,86.181
115,232.051,0.0,-0.17577772,-0.4108131699999999,73.754
116,234.057,0.0,-0.17572171,-0.41062097,60.456
117,236.061,0.0,-0.17562312,-0.41044703,50.697
118,238.062,0.0,-0.17549638,-0.4102922,40.96
119,240.048,0.0,-0.1753467,-0.41016227,28.318
120,242.035,0.0,-0.17517221,-0.4100682499999999,15.677
121,244.021,0.0,-0.17498138,-0.4100146899999999,3.343
122,246.019,0.0,-0.17478224,-0.41000306,-0.397
123,248.019,0.0,-0.17458225,-0.4100044399999999,-0.397
124,250.019,0.0,-0.17438225,-0.4100058299999999,0.874
