time,cte,he,steering,h,clf_alpha,steering_kp
1782557403.3039336,0.1149,0.0018,0.0000,0.9654,0.2700,3.8420
1782557403.4691129,-0.0019,-0.0009,-0.0037,0.9675,0.2700,3.8420
1782557403.6473324,-0.0270,-0.0014,0.0037,0.9674,0.2700,3.8420
1782557403.802051,-0.0369,-0.0014,0.0000,0.9661,0.2700,3.8420
1782557404.0036285,-0.0468,-0.0014,0.0000,0.9648,0.2700,3.8420
1782557404.1335309,-0.0517,-0.0014,0.0000,0.9638,0.2700,3.8420
1782557404.2768946,-0.0615,-0.0014,0.0000,0.9628,0.2700,3.8420
1782557404.4648397,-0.0714,-0.0014,0.0000,0.9617,0.2700,3.8420
1782557404.64669,-0.0812,-0.0014,0.0000,0.9604,0.2700,3.8420
1782557404.7927313,-0.0861,-0.0014,0.0000,0.9594,0.2700,3.8420
1782557404.9293256,-0.0960,-0.0014,0.0000,0.9582,0.2700,3.8420
1782557405.0893834,-0.1059,-0.0014,0.0000,0.9573,0.2700,3.8420
1782557405.2462735,-0.1108,-0.0014,0.0000,0.9562,0.2700,3.8420
1782557405.3793247,-0.1158,-0.0014,0.0000,0.9551,0.2700,3.8420
1782557405.5357604,-0.0318,0.0006,0.0000,0.9545,0.2700,3.8420
1782557405.691399,-0.0278,0.0006,0.0000,0.9550,0.2700,3.8420
1782557405.8640292,-0.0237,0.0006,0.0000,0.9554,0.2700,3.8420
1782557405.9983127,-19.8289,0.4240,-0.1560,0.6896,0.2700,3.8420
1782557406.2012548,-10.5421,0.9076,-0.2414,0.0419,0.2700,3.8420
1782557406.3811529,-31.8689,0.7088,1.3000,-0.3344,0.2700,3.8420
1782557406.582008,46.2432,1.5674,-1.3000,1.3292,0.2700,3.8420
1782557406.7622242,34.3750,1.4038,-1.3000,2.4238,0.2700,3.8420
1782557406.8965545,-32.7651,0.5610,1.2963,1.0051,0.2700,3.8420
1782557407.0640326,16.9583,1.1799,1.2740,1.9053,0.2700,3.8420
1782557407.2330563,19.3252,1.1843,1.3000,2.5041,0.2700,3.8420
1782557407.3738415,-23.3383,0.5612,-1.1031,6.3135,0.2700,3.8420
1782557407.543466,-17.8390,0.5822,-1.1291,6.9670,0.2700,3.8420
1782557407.7387571,12.7584,0.9605,0.7503,5.3119,0.2700,3.8420
1782557407.926878,-10.2603,0.5713,0.6500,6.1159,0.2700,3.8420
1782557408.254761,-20.0360,0.3232,0.6091,6.2176,0.2700,3.8420
1782557408.3681488,18.5778,0.9619,-0.6871,12.6991,0.2700,3.8420
1782557408.5470927,4.6517,0.6446,-0.3454,12.2949,0.2700,3.8420
1782557408.724481,1.6439,0.5586,-0.0929,12.7102,0.2700,3.8420
1782557408.8968527,0.5224,0.4728,0.0111,13.3937,0.2700,3.8420
1782557409.0220208,-0.0996,0.4307,-0.0223,14.5067,0.2700,3.8420
1782557409.207531,1.0038,0.3955,0.0334,15.0897,0.2700,3.8420
1782557409.381536,-0.0598,0.3486,-0.0074,16.6814,0.2700,3.8420
1782557409.5755024,0.5627,0.3136,0.0260,17.7780,0.2700,3.8420
1782557409.760076,0.3915,0.2684,-0.0186,19.0275,0.2700,3.8420
1782557409.9237351,0.0508,0.2250,0.0297,19.6840,0.2700,3.8420
1782557410.1120372,0.5239,0.2027,0.0149,20.5559,0.2700,3.8420
1782557410.2719476,0.0027,0.1776,0.0223,21.2161,0.2700,3.8420
1782557410.4841611,0.3294,0.1474,0.0223,22.6465,0.2700,3.8420
1782557410.6588683,0.0278,0.1305,0.0000,23.7322,0.2700,3.8420
1782557410.8660817,-0.0708,0.1185,0.0000,24.3616,0.2700,3.8420
1782557411.0140846,-0.0708,0.1185,0.0000,25.2345,0.2700,3.8420
1782557411.1641026,-0.0708,0.1185,0.0000,25.5250,0.2700,3.8420
1782557411.30191,-0.0708,0.1185,0.0000,26.5442,0.2700,3.8420
1782557411.4629793,-0.0708,0.1185,0.0000,26.8272,0.2700,3.8420
1782557411.6180947,-0.0708,0.1185,0.0000,28.1240,0.2700,3.8420
1782557411.8143888,66.3606,-0.6945,0.8580,16.3280,0.2700,3.8420
1782557411.9647825,-45.7314,-1.5407,-1.3000,26.0088,0.2700,3.8420
1782557412.149559,101.9215,-0.7155,-1.3000,23.4230,0.2700,3.8420
1782557412.458328,-93.7113,-1.8402,0.2451,24.8589,0.2700,3.8420
1782557412.6558487,-12.7616,-1.3587,-1.3000,22.6386,0.2700,3.8420
1782557412.8348687,-77.1362,-1.7490,1.3000,22.2553,0.2700,3.8420
1782557412.9888165,-83.6708,-1.8050,1.3000,23.2453,0.2700,3.8420
1782557413.1947596,-36.6845,-1.4897,-1.3000,19.5321,0.2700,3.8420
1782557413.3650866,-109.3822,-2.0354,1.0623,25.9394,0.2700,3.8420
1782557413.5419664,-110.2384,-2.0600,-1.3000,20.3757,0.2700,3.8420
1782557413.7222195,-22.5212,-1.3531,1.2666,27.3478,0.2700,3.8420
1782557413.8378444,-0.0072,-1.1811,1.3000,26.9360,0.2700,3.8420
1782557413.975378,-54.9545,-1.5993,1.3000,24.4666,0.2700,3.8420
1782557414.1438017,34.7419,-0.8915,1.3000,25.0713,0.2700,3.8420
1782557414.3059142,40.2349,-0.8319,-1.3000,27.2972,0.2700,3.8420
1782557414.4833188,30.8768,-0.8997,1.3000,24.6402,0.2700,3.8420
1782557414.6596725,-10.5203,-1.2453,1.3000,20.2379,0.2700,3.8420
1782557414.835738,-21.9709,-1.3384,-1.3000,25.2986,0.2700,3.8420
1782557414.9941154,77.8139,-0.2744,1.3000,15.9009,0.2700,3.8420
1782557415.1760418,9.3530,-0.9913,0.5497,20.8779,0.2700,3.8420
1782557415.5699022,20.1963,-0.8568,0.8394,17.9158,0.2700,3.8420
1782557415.7198792,54.5508,-0.4296,-1.3000,21.5910,0.2700,3.8420
1782557415.9142807,-1.1103,-1.0456,1.3000,17.2882,0.2700,3.8420
1782557416.0563407,-34.2582,-1.4068,-1.3000,19.1227,0.2700,3.8420
1782557416.248083,7.7495,-0.8608,-1.3000,18.0802,0.2700,3.8420
1782557416.3920274,-32.1562,-1.3714,-1.3000,19.5746,0.2700,3.8420
1782557416.55241,-30.1709,-1.3178,1.0029,21.3072,0.2700,3.8420
1782557416.7040412,19.4103,-0.5790,1.0994,22.5311,0.2700,3.8420
1782557416.8470883,25.3826,-0.4425,1.0920,21.6850,0.2700,3.8420
1782557417.0100071,18.5494,-0.4980,0.7837,22.1607,0.2700,3.8420
1782557417.1505384,-10.3468,-0.9060,-0.3826,22.6582,0.2700,3.8420
1782557417.273726,-16.7734,-0.9930,0.8914,21.2998,0.2700,3.8420
1782557417.4798157,8.0956,-0.5061,-0.4903,22.9052,0.2700,3.8420
1782557417.6141837,-5.9682,-0.7081,-0.2823,22.4517,0.2700,3.8420
1782557417.767487,-1.0702,-0.5905,0.0743,22.5887,0.2700,3.8420
1782557417.9431982,-0.7750,-0.5166,0.0260,22.2043,0.2700,3.8420
1782557418.1345127,-1.7573,-0.4723,0.0111,22.4209,0.2700,3.8420
1782557418.2884693,-0.8311,-0.4257,0.0334,23.0916,0.2700,3.8420
1782557418.4386854,0.1167,-0.3786,0.0111,22.3338,0.2700,3.8420
1782557418.6155345,-0.6098,-0.3418,0.0260,22.7669,0.2700,3.8420
1782557418.760835,-0.0477,-0.2854,-0.0520,22.5288,0.2700,3.8420
1782557418.928162,0.0127,-0.2635,-0.0186,22.5670,0.2700,3.8420
1782557419.1173337,-0.4822,-0.2365,0.0186,22.5955,0.2700,3.8420
1782557419.2574275,-16.9257,0.1060,-0.2191,21.4356,0.2700,3.8420
1782557419.4296794,-9.6510,0.8555,-0.1449,11.8628,0.2700,3.8420
1782557419.567368,-9.8523,0.8958,0.1709,9.2073,0.2700,3.8420
1782557419.7303228,-31.0261,0.6370,-1.3000,11.8048,0.2700,3.8420
1782557419.901439,39.0300,1.4543,1.3000,6.0132,0.2700,3.8420
1782557420.0828204,56.8147,1.7077,1.3000,5.6532,0.2700,3.8420
1782557420.2415202,-14.1274,0.7372,-1.1031,8.0300,0.2700,3.8420
1782557420.4107244,-29.6436,0.4584,1.1031,4.3469,0.2700,3.8420
1782557420.590789,-19.1396,0.5363,1.3000,4.0953,0.2700,3.8420
1782557420.738502,17.5629,1.0358,1.0103,4.2134,0.2700,3.8420
1782557420.9192612,-7.2469,0.6204,0.5646,4.7663,0.2700,3.8420
1782557421.054833,4.6085,0.7717,0.2786,4.8041,0.2700,3.8420
1782557421.2350078,-0.8446,0.6446,0.0557,4.8042,0.2700,3.8420
1782557421.373807,2.5494,0.6299,0.1263,4.2703,0.2700,3.8420
1782557421.5341606,1.2756,0.5739,0.0743,4.1959,0.2700,3.8420
1782557421.6807432,-0.1514,0.5136,0.0260,3.8440,0.2700,3.8420
1782557421.8421335,-0.3026,0.4467,0.0817,3.5750,0.2700,3.8420
1782557422.0111444,-0.1744,0.4185,-0.0186,3.4114,0.2700,3.8420
1782557422.1760457,-0.4063,0.3588,-0.0446,3.1872,0.2700,3.8420
1782557422.3405836,0.6582,0.3545,-0.0334,2.9778,0.2700,3.8420
1782557422.492997,1.2993,0.3207,-0.0037,2.7703,0.2700,3.8420
1782557422.6551037,0.6585,0.2673,0.0371,2.4911,0.2700,3.8420
1782557422.7876933,0.4260,0.2440,-0.0111,2.3508,0.2700,3.8420
1782557422.9451423,0.8551,0.2192,0.0334,2.1539,0.2700,3.8420
1782557423.1350963,0.0294,0.1734,0.0297,2.0129,0.2700,3.8420
1782557423.3172314,0.5978,0.1604,0.0223,1.8577,0.2700,3.8420
1782557423.4903505,0.5152,0.1373,0.0074,1.7644,0.2700,3.8420
1782557423.6379628,0.2032,0.1215,-0.0074,1.6726,0.2700,3.8420
1782557423.7997932,0.1097,0.1024,0.0111,1.5771,0.2700,3.8420
1782557423.950793,0.1921,0.0966,0.0074,1.5097,0.2700,3.8420
1782557424.0852213,0.1367,0.0818,0.0074,1.4526,0.2700,3.8420
1782557424.2425072,0.1636,0.0763,0.0037,1.3905,0.2700,3.8420
1782557424.382679,0.0265,0.0626,0.0149,1.3432,0.2700,3.8420
1782557424.641238,0.0286,0.0537,0.0000,1.2838,0.2700,3.8420
1782557424.802237,0.1116,0.0477,0.0037,1.2488,0.2700,3.8420
1782557424.9355872,-0.0370,0.0410,-0.0037,1.2176,0.2700,3.8420
1782557425.11746,0.0452,0.0367,-0.0037,1.1848,0.2700,3.8420
1782557425.2629719,0.0942,0.0326,0.0000,1.1608,0.2700,3.8420
1782557425.409638,0.0157,0.0286,0.0000,1.1343,0.2700,3.8420
1782557425.5829875,0.0031,0.0242,0.0000,1.1107,0.2700,3.8420
1782557425.7433424,0.0568,0.0218,0.0000,1.0943,0.2700,3.8420
1782557425.8951426,0.1141,0.0199,0.0000,1.0776,0.2700,3.8420
1782557426.04464,0.0224,0.0166,0.0000,1.0632,0.2700,3.8420
1782557426.2079341,0.0262,0.0144,0.0000,1.0519,0.2700,3.8420
1782557426.341853,-0.0507,0.0117,-0.0037,1.0423,0.2700,3.8420
1782557426.4797678,0.0324,0.0116,0.0000,1.0333,0.2700,3.8420
1782557426.6252847,0.0580,0.0113,-0.0037,1.0267,0.2700,3.8420
1782557426.7695875,0.0341,0.0094,0.0000,1.0181,0.2700,3.8420
1782557426.9028234,0.0677,0.0094,0.0000,1.0116,0.2700,3.8420
1782557427.0307708,0.0116,0.0075,0.0000,1.0071,0.2700,3.8420
1782557427.1488917,0.0653,0.0075,0.0000,1.0029,0.2700,3.8420
1782557427.299496,0.0091,0.0058,0.0000,0.9968,0.2700,3.8420
1782557427.4349458,0.0505,0.0058,0.0000,0.9931,0.2700,3.8420
1782557427.5777779,0.0712,0.0058,0.0000,1.0119,0.2700,3.8420
1782557427.7532933,0.0062,0.0037,0.0000,1.0229,0.2700,3.8420
1782557427.9111853,0.0326,0.0037,0.0000,0.9648,0.2700,3.8420
1782557428.0787816,0.0591,0.0037,0.0000,0.9462,0.2700,3.8420
1782557428.2193525,0.0723,0.0037,0.0000,0.9484,0.2700,3.8420
1782557428.353443,0.0855,0.0037,0.0000,0.9515,0.2700,3.8420
1782557428.5129,-0.0047,0.0012,0.0037,0.9540,0.2700,3.8420
1782557428.698462,-0.0284,0.0006,0.0000,0.9549,0.2700,3.8420
1782557428.8613815,-0.0244,0.0006,0.0000,0.9553,0.2700,3.8420
1782557429.023953,-0.0224,0.0006,0.0000,0.9559,0.2700,3.8420
1782557429.1707976,-0.0184,0.0006,0.0000,0.9561,0.2700,3.8420
1782557429.3332417,-0.0144,0.0006,0.0000,0.9567,0.2700,3.8420
1782557429.4636183,-0.0124,0.0006,0.0000,0.9571,0.2700,3.8420
1782557429.5730336,-0.0104,0.0006,0.0000,0.9574,0.2700,3.8420
1782557429.7256565,-0.0064,0.0006,0.0000,0.9579,0.2700,3.8420
1782557430.0036786,-0.0004,0.0006,0.0000,0.9585,0.2700,3.8420
1782557430.1732755,0.0016,0.0006,0.0000,0.9590,0.2700,3.8420
1782557430.3359966,0.0056,0.0006,0.0000,0.9595,0.2700,3.8420
1782557430.4950163,0.0096,0.0006,0.0000,0.9600,0.2700,3.8420
1782557430.6477907,0.0116,0.0006,0.0000,0.9604,0.2700,3.8420
1782557430.802758,0.0156,0.0006,0.0000,0.9608,0.2700,3.8420
1782557430.9721777,0.0176,0.0006,0.0000,0.9611,0.2700,3.8420
1782557431.1565354,0.0217,0.0006,0.0000,0.9615,0.2700,3.8420
1782557431.399513,0.0277,0.0006,0.0000,0.9625,0.2700,3.8420
1782557431.5705726,0.0317,0.0006,0.0000,0.9630,0.2700,3.8420
1782557431.756073,0.0357,0.0006,0.0000,0.9634,0.2700,3.8420
1782557431.9056907,0.0377,0.0006,0.0000,0.9639,0.2700,3.8420
1782557432.0750687,0.0417,0.0006,0.0000,0.9644,0.2700,3.8420
1782557432.2512798,0.0457,0.0006,0.0000,0.9649,0.2700,3.8420
1782557432.435811,0.0497,0.0006,0.0000,0.9654,0.2700,3.8420
1782557432.5891757,0.0537,0.0006,0.0000,0.9659,0.2700,3.8420
1782557432.7487361,0.0557,0.0006,0.0000,0.9663,0.2700,3.8420
1782557432.9075925,-11.5769,0.3828,-0.0260,0.6393,0.2700,3.8420
1782557433.0802753,3.3617,1.0502,-0.4346,0.2031,0.2700,3.8420
1782557433.2021868,-31.1820,0.6857,0.9769,-0.4005,0.2700,3.8420
1782557433.3719156,-34.8711,0.6550,1.3000,-0.1133,0.2700,3.8420
1782557433.5232756,-13.8120,0.8643,1.3000,0.2037,0.2700,3.8420
1782557433.6742942,42.6062,1.5201,-1.3000,1.7572,0.2700,3.8420
1782557433.8133225,29.2995,1.3214,-1.3000,3.1130,0.2700,3.8420
1782557434.09876,-40.1091,0.4358,-1.0066,5.1830,0.2700,3.8420
1782557434.2474868,22.7464,1.2375,-1.0846,5.4976,0.2700,3.8420
1782557434.3763406,6.1841,0.9652,-1.3000,7.0435,0.2700,3.8420
1782557434.5678842,-14.3295,0.6497,1.3000,2.7214,0.2700,3.8420
1782557434.7748296,-44.0606,0.0947,1.3000,3.0883,0.2700,3.8420
1782557434.950604,-37.4882,0.1587,1.1589,4.1924,0.2700,3.8420
1782557435.1058047,16.7616,1.0041,-1.0103,10.2180,0.2700,3.8420
1782557435.2746108,-11.3578,0.4989,-0.6351,10.5784,0.2700,3.8420
1782557435.4426558,-4.3566,0.5403,-0.3640,11.0972,0.2700,3.8420
1782557435.6220148,0.5815,0.5889,-0.0297,11.4221,0.2700,3.8420
1782557435.7756624,1.9242,0.5445,0.0891,12.0392,0.2700,3.8420
1782557435.9201329,0.9240,0.4943,-0.0371,13.2956,0.2700,3.8420
1782557436.070788,-0.4756,0.4365,0.0520,13.8454,0.2700,3.8420
1782557436.2482102,-0.3178,0.3818,0.0743,14.9445,0.2700,3.8420
1782557436.4316525,0.0902,0.3377,0.0371,16.4063,0.2700,3.8420
1782557436.5907774,1.2558,0.3151,-0.0074,17.7054,0.2700,3.8420
1782557436.7434185,0.0239,0.2694,-0.0223,18.7749,0.2700,3.8420
1782557436.8961837,0.0539,0.2504,0.0000,19.4260,0.2700,3.8420
1782557437.2034276,0.0414,0.2148,0.0149,20.3278,0.2700,3.8420
1782557437.375701,0.3350,0.1903,-0.0074,21.5545,0.2700,3.8420
1782557437.6387098,-0.2932,0.1390,0.0223,22.6857,0.2700,3.8420
1782557437.8113537,0.0343,0.1351,0.0074,24.2707,0.2700,3.8420
1782557437.981751,-0.1088,0.1316,0.0000,24.6538,0.2700,3.8420
1782557438.151636,-0.1088,0.1316,0.0000,25.6843,0.2700,3.8420
1782557438.3515203,-0.1088,0.1316,0.0000,26.0578,0.2700,3.8420
1782557438.5078342,-0.1088,0.1316,0.0000,27.3082,0.2700,3.8420
1782557438.6911235,-0.1088,0.1316,0.0000,27.5320,0.2700,3.8420
1782557438.8818848,-10.8451,-1.3202,1.3000,15.1075,0.2700,3.8420
1782557439.0327928,-118.7342,-2.0292,1.3000,15.3563,0.2700,3.8420
1782557439.2173545,-141.9459,-2.1983,1.3000,24.3026,0.2700,3.8420
1782557439.4368775,-158.7364,-2.3864,-1.3000,16.9363,0.2700,3.8420
1782557439.6053698,-18.9633,-1.3697,1.3000,25.8443,0.2700,3.8420
1782557439.786772,-89.2978,-1.8137,-1.3000,25.1481,0.2700,3.8420
1782557440.0354123,-62.6910,-1.6570,-1.3000,25.4693,0.2700,3.8420
1782557440.230264,-58.8635,-1.6653,1.3000,17.5425,0.2700,3.8420
1782557440.3822513,-26.8562,-1.4389,1.3000,17.5935,0.2700,3.8420
1782557440.5918198,86.1549,-0.5945,-1.3000,22.4203,0.2700,3.8420
1782557440.7493303,79.6841,-0.6166,-1.3000,21.4708,0.2700,3.8420
1782557440.9032378,-5.4120,-1.2579,1.3000,15.6060,0.2700,3.8420
1782557441.0662708,-2.8506,-1.2314,-1.3000,19.3036,0.2700,3.8420
1782557441.2454302,74.9307,-0.5688,1.3000,13.2050,0.2700,3.8420
1782557441.400647,52.1965,-0.7354,-1.3000,18.4904,0.2700,3.8420
1782557441.560063,-46.2021,-1.5571,1.3000,17.4884,0.2700,3.8420
1782557441.7360413,-64.0050,-1.7533,1.3000,18.4493,0.2700,3.8420
1782557441.9110608,-61.7055,-1.7524,-1.3000,14.7937,0.2700,3.8420
1782557442.1036954,-65.1827,-1.8125,0.7874,19.4744,0.2700,3.8420
1782557442.279031,-64.9007,-1.8303,0.7429,19.7523,0.2700,3.8420
1782557442.4225454,20.2936,-0.8302,1.3000,21.0019,0.2700,3.8420
1782557442.6083977,58.3930,-0.3085,-1.3000,19.6949,0.2700,3.8420
1782557442.819404,50.5970,-0.3720,-1.1923,18.8813,0.2700,3.8420
1782557442.987493,31.7696,-0.5548,1.3000,17.7374,0.2700,3.8420
1782557443.1863565,-20.6613,-1.1816,1.3000,18.3716,0.2700,3.8420
1782557443.4040759,31.9095,-0.4362,-1.1329,17.2627,0.2700,3.8420
1782557443.6340957,-28.8169,-1.2321,1.2777,19.1063,0.2700,3.8420
1782557443.7869558,-18.9138,-1.0556,1.0251,19.7351,0.2700,3.8420
1782557443.974709,-9.7536,-0.8834,0.4866,19.6170,0.2700,3.8420
1782557444.1648204,7.5703,-0.5625,0.3603,20.7940,0.2700,3.8420
1782557444.3444812,4.3058,-0.5415,0.2711,20.4321,0.2700,3.8420
1782557444.4654787,-3.9937,-0.6486,0.1671,20.0781,0.2700,3.8420
1782557444.6874483,0.7831,-0.4956,-0.1040,20.4720,0.2700,3.8420
1782557444.8741598,-1.0754,-0.4663,-0.0557,20.4610,0.2700,3.8420
1782557445.0680976,0.1985,-0.4125,-0.0260,21.3552,0.2700,3.8420
1782557445.24685,0.0883,-0.3600,-0.0260,21.3295,0.2700,3.8420
1782557445.423705,-1.0297,-0.3333,-0.0149,21.5827,0.2700,3.8420
1782557445.595186,-1.0200,-0.2900,-0.0186,21.8159,0.2700,3.8420
1782557445.720496,-0.1786,-0.2730,0.0074,21.7168,0.2700,3.8420
1782557445.8372622,-0.4338,-0.2783,-0.0111,21.2854,0.2700,3.8420
1782557445.9665296,-0.0195,0.3908,-0.3417,21.4478,0.2700,3.8420
1782557446.124347,3.6293,0.8943,0.5609,10.1026,0.2700,3.8420
1782557446.316063,-29.3066,0.5575,-1.3000,12.9500,0.2700,3.8420
1782557446.4890335,-50.6684,0.2971,1.3000,6.3624,0.2700,3.8420
1782557446.6695156,-43.0128,0.3940,-1.3000,12.9482,0.2700,3.8420
1782557446.8410416,36.6302,1.4029,1.3000,4.8913,0.2700,3.8420
1782557447.0508263,-23.7527,0.5312,1.3000,4.2790,0.2700,3.8420
1782557447.2193012,27.0304,1.2194,-0.9026,8.5173,0.2700,3.8420
1782557447.3699217,-22.0505,0.4377,0.9546,3.8444,0.2700,3.8420
1782557447.5510292,16.0193,0.9943,-1.0066,7.3582,0.2700,3.8420
1782557447.710581,-10.8138,0.5188,-0.6314,6.1585,0.2700,3.8420
1782557448.002479,-5.7653,0.5289,-0.3343,5.2142,0.2700,3.8420
1782557448.2160795,-3.6349,0.4973,0.2043,3.9535,0.2700,3.8420
1782557448.4035258,-1.0928,0.4751,0.1114,3.7187,0.2700,3.8420
1782557448.5605288,0.1707,0.4668,0.0074,3.5866,0.2700,3.8420
1782557448.7280753,0.1164,0.4066,-0.0074,3.3895,0.2700,3.8420
1782557448.9086049,1.3990,0.3784,0.0594,2.9836,0.2700,3.8420
1782557449.070518,1.1571,0.3263,0.0111,2.8251,0.2700,3.8420
1782557449.2599647,-0.0452,0.2807,-0.0149,2.6173,0.2700,3.8420
1782557449.4268527,0.1357,0.2447,0.0297,2.4309,0.2700,3.8420
1782557449.604738,0.1364,0.2104,0.0260,2.2094,0.2700,3.8420
1782557449.782677,0.6570,0.1916,0.0186,2.0609,0.2700,3.8420
1782557449.9872987,0.5398,0.1636,0.0149,1.8778,0.2700,3.8420
1782557450.1452227,0.2199,0.1456,0.0111,1.7882,0.2700,3.8420
1782557450.3278522,0.1580,0.1241,-0.0037,1.6883,0.2700,3.8420
1782557450.4813042,0.0664,0.1048,-0.0037,1.5869,0.2700,3.8420
1782557450.6284978,0.1866,0.0997,-0.0074,1.5503,0.2700,3.8420
1782557450.7939942,0.0924,0.0840,0.0037,1.4508,0.2700,3.8420
1782557450.9736588,0.0252,0.0706,-0.0037,1.3868,0.2700,3.8420
1782557451.1528392,0.0480,0.0608,0.0074,1.3377,0.2700,3.8420
